mode,delay_ms,writes,p50_ms,p95_ms,p99_ms,mean_ms,game_total_s,wait_min_replicas
mongo-w1,0,1401,0.19,0.48,0.63,0.24,0.11,
mongo-majority,0,1401,0.72,0.99,1.59,0.77,0.36,
redis-async,0,1401,0.07,0.07,0.08,0.06,0.03,
redis-wait,0,1401,0.13,0.16,0.18,0.14,0.07,1
mongo-w1,2,1401,0.22,0.55,0.86,0.28,0.13,
mongo-majority,2,1401,5.35,6.38,7.71,5.48,2.56,
redis-async,2,1401,0.07,0.08,0.08,0.07,0.03,
redis-wait,2,1401,2.93,3.44,4.36,3.08,1.44,1
mongo-w1,10,1401,0.14,0.29,0.52,0.17,0.08,
mongo-majority,10,1401,24.36,26.42,28.67,24.21,11.31,
redis-async,10,1401,0.06,0.09,0.15,0.06,0.03,
redis-wait,10,1401,12.48,13.71,63.55,13.04,6.09,1
mongo-w1,50,1401,0.1,0.22,0.46,0.14,0.06,
mongo-majority,50,1401,105.76,107.95,110.62,101.7,47.49,
redis-async,50,1401,0.06,0.11,0.15,0.07,0.03,
redis-wait,50,1401,53.05,142.92,148.14,58.3,27.23,1
