mode,delay_ms,lagging_node,write_rate,reads,stale_reads,stale_pct,reads_lagging,stale_pct_lagging,stale_pct_other,read_ms_p50,read_ms_p95,read_ms_max,stale_ms_p50,stale_ms_p95,stale_ms_max,lag_events_p95,lag_events_max,regressions,regression_pairs,rmw_checks,rmw_misses,writes
secondary,0,mongo1,1.0,1674,0,0.0,875,0.0,0.0,1.33,2.39,12.6,0,0,0,0,0,0,,31,0,31
secondary,0,mongo1,10.0,1694,4,0.24,806,0.5,0.0,1.07,2.17,49.4,0.5,0.5,0.5,1,1,0,,301,0,301
secondary,10,mongo1,1.0,1786,10,0.56,894,1.12,0.0,1.06,2.05,3.7,3.7,10.3,10.3,1,1,0,,31,15,31
secondary,10,mongo1,10.0,1787,85,4.76,892,9.53,0.0,0.99,1.9,6.3,6.4,10.9,12.2,1,1,4,mongo2->mongo1,301,145,301
secondary,50,mongo1,1.0,1777,44,2.48,902,4.88,0.0,1.04,2.01,4.3,24.3,49.0,49.8,1,1,4,mongo2->mongo1,31,20,31
secondary,50,mongo1,10.0,1715,413,24.08,832,49.64,0.0,0.97,1.9,4.5,27.4,48.3,53.9,1,1,95,mongo1->mongo1 mongo2->mongo1,301,141,301
secondary,200,mongo1,1.0,1622,172,10.6,836,20.57,0.0,1.08,2.1,5.0,97.3,190.0,204.2,1,1,94,mongo1->mongo1 mongo2->mongo1,31,13,31
secondary,200,mongo1,10.0,1714,879,51.28,879,100.0,0.0,1.03,1.99,5.7,154.0,196.9,201.8,2,3,643,mongo1->mongo1 mongo2->mongo1,301,146,301
causal,0,mongo1,1.0,1722,1,0.06,860,0.12,0.0,1.04,2.0,4.8,0.5,0.5,0.5,1,1,0,,31,0,31
causal,0,mongo1,10.0,1714,3,0.18,835,0.24,0.11,1.03,2.07,11.5,0.5,0.6,0.6,1,1,0,,301,0,301
causal,10,mongo1,1.0,1703,4,0.23,839,0.48,0.0,1.22,2.16,5.1,7.5,12.0,12.0,1,1,0,,31,0,31
causal,10,mongo1,10.0,1783,60,3.37,869,6.9,0.0,1.23,2.24,9.2,5.1,11.0,12.7,1,1,0,,301,0,301
causal,50,mongo1,1.0,1758,22,1.25,878,2.51,0.0,1.59,2.57,42.3,21.3,47.9,50.9,1,1,0,,31,0,31
causal,50,mongo1,10.0,1752,208,11.87,679,30.04,0.37,1.08,2.14,47.9,21.2,49.0,57.2,1,1,0,,301,0,301
causal,200,mongo1,1.0,1674,20,1.19,673,2.97,0.0,1.5,2.47,195.6,41.9,157.0,199.8,1,1,0,,31,0,31
causal,200,mongo1,10.0,1497,200,13.36,217,91.71,0.08,1.27,78.28,198.7,100.6,156.2,198.6,2,2,0,,228,0,228
