mode,rate,trial_start,seq,start_s,end_s,acked
mongo-w1,0.16,2026-09-26T18:50:22,354,0.0,0.002,1
mongo-w1,0.16,2026-09-26T18:50:22,355,6.253,6.256,1
mongo-w1,0.16,2026-09-26T18:50:36,354,0.0,0.001,1
mongo-w1,0.16,2026-09-26T18:50:36,355,6.251,6.254,1
mongo-w1,0.16,2026-09-26T18:50:59,354,0.0,0.001,1
mongo-w1,0.16,2026-09-26T18:50:59,355,6.25,6.254,1
mongo-w1,1.0,2026-09-26T18:51:23,354,0.0,0.001,1
mongo-w1,1.0,2026-09-26T18:51:23,355,1.001,1.004,1
mongo-w1,1.0,2026-09-26T18:51:23,356,2.002,2.004,1
mongo-w1,1.0,2026-09-26T18:51:23,357,3.0,3.003,1
mongo-w1,1.0,2026-09-26T18:51:23,358,4.001,4.004,1
mongo-w1,1.0,2026-09-26T18:51:23,359,5.001,5.004,1
mongo-w1,1.0,2026-09-26T18:51:23,360,6.001,6.004,1
mongo-w1,1.0,2026-09-26T18:51:23,361,7.003,7.005,1
mongo-w1,1.0,2026-09-26T18:51:36,354,0.0,0.001,1
mongo-w1,1.0,2026-09-26T18:51:36,355,1.001,1.004,1
mongo-w1,1.0,2026-09-26T18:51:36,356,2.001,2.004,1
mongo-w1,1.0,2026-09-26T18:51:36,357,3.001,3.003,1
mongo-w1,1.0,2026-09-26T18:51:36,358,4.0,4.002,1
mongo-w1,1.0,2026-09-26T18:51:36,359,5.0,5.002,1
mongo-w1,1.0,2026-09-26T18:51:36,360,6.003,6.005,1
mongo-w1,1.0,2026-09-26T18:51:36,361,7.002,7.004,1
mongo-w1,1.0,2026-09-26T18:51:59,354,0.0,0.001,1
mongo-w1,1.0,2026-09-26T18:51:59,355,1.001,1.002,1
mongo-w1,1.0,2026-09-26T18:51:59,356,2.002,2.004,1
mongo-w1,1.0,2026-09-26T18:51:59,357,3.001,3.003,1
mongo-w1,1.0,2026-09-26T18:51:59,358,4.0,4.003,1
mongo-w1,1.0,2026-09-26T18:51:59,359,5.001,5.003,1
mongo-w1,1.0,2026-09-26T18:51:59,360,6.0,6.003,1
mongo-w1,1.0,2026-09-26T18:51:59,361,7.001,7.004,1
mongo-w1,10.0,2026-09-26T18:52:22,354,0.0,0.001,1
mongo-w1,10.0,2026-09-26T18:52:22,355,0.103,0.104,1
mongo-w1,10.0,2026-09-26T18:52:22,356,0.2,0.204,1
mongo-w1,10.0,2026-09-26T18:52:22,357,0.3,0.303,1
mongo-w1,10.0,2026-09-26T18:52:22,358,0.4,0.402,1
mongo-w1,10.0,2026-09-26T18:52:22,359,0.501,0.503,1
mongo-w1,10.0,2026-09-26T18:52:22,360,0.601,0.603,1
mongo-w1,10.0,2026-09-26T18:52:22,361,0.7,0.702,1
mongo-w1,10.0,2026-09-26T18:52:22,362,0.801,0.804,1
mongo-w1,10.0,2026-09-26T18:52:22,363,0.9,0.903,1
mongo-w1,10.0,2026-09-26T18:52:22,364,1.005,1.007,1
mongo-w1,10.0,2026-09-26T18:52:22,365,1.102,1.104,1
mongo-w1,10.0,2026-09-26T18:52:22,366,1.203,1.206,1
mongo-w1,10.0,2026-09-26T18:52:22,367,1.303,1.305,1
mongo-w1,10.0,2026-09-26T18:52:22,368,1.402,1.404,1
mongo-w1,10.0,2026-09-26T18:52:22,369,1.503,1.505,1
mongo-w1,10.0,2026-09-26T18:52:22,370,1.6,1.604,1
mongo-w1,10.0,2026-09-26T18:52:22,371,1.702,1.704,1
mongo-w1,10.0,2026-09-26T18:52:22,372,1.8,1.803,1
mongo-w1,10.0,2026-09-26T18:52:22,373,1.9,1.904,1
mongo-w1,10.0,2026-09-26T18:52:22,374,2.001,2.004,1
mongo-w1,10.0,2026-09-26T18:52:22,375,2.102,2.104,1
mongo-w1,10.0,2026-09-26T18:52:22,376,2.205,2.208,1
mongo-w1,10.0,2026-09-26T18:52:22,377,2.301,2.304,1
mongo-w1,10.0,2026-09-26T18:52:22,378,2.4,2.403,1
mongo-w1,10.0,2026-09-26T18:52:22,379,2.5,2.503,1
mongo-w1,10.0,2026-09-26T18:52:22,380,2.601,2.602,1
mongo-w1,10.0,2026-09-26T18:52:22,381,2.7,2.703,1
mongo-w1,10.0,2026-09-26T18:52:22,382,2.8,2.802,1
mongo-w1,10.0,2026-09-26T18:52:22,383,2.902,2.906,1
mongo-w1,10.0,2026-09-26T18:52:22,384,3.002,3.004,1
mongo-w1,10.0,2026-09-26T18:52:22,385,3.104,3.107,1
mongo-w1,10.0,2026-09-26T18:52:22,386,3.202,3.205,1
mongo-w1,10.0,2026-09-26T18:52:22,387,3.303,3.305,1
mongo-w1,10.0,2026-09-26T18:52:22,388,3.405,3.407,1
mongo-w1,10.0,2026-09-26T18:52:22,389,3.501,3.503,1
mongo-w1,10.0,2026-09-26T18:52:22,390,3.6,3.603,1
mongo-w1,10.0,2026-09-26T18:52:22,391,3.701,3.703,1
mongo-w1,10.0,2026-09-26T18:52:22,392,3.802,3.804,1
mongo-w1,10.0,2026-09-26T18:52:22,393,3.9,3.903,1
mongo-w1,10.0,2026-09-26T18:52:22,394,4.002,4.005,1
mongo-w1,10.0,2026-09-26T18:52:22,395,4.101,4.103,1
mongo-w1,10.0,2026-09-26T18:52:22,396,4.205,4.208,1
mongo-w1,10.0,2026-09-26T18:52:22,397,4.301,4.303,1
mongo-w1,10.0,2026-09-26T18:52:22,398,4.401,4.403,1
mongo-w1,10.0,2026-09-26T18:52:22,399,4.503,4.505,1
mongo-w1,10.0,2026-09-26T18:52:22,400,4.601,4.603,1
mongo-w1,10.0,2026-09-26T18:52:22,401,4.701,4.704,1
mongo-w1,10.0,2026-09-26T18:52:22,402,4.801,4.803,1
mongo-w1,10.0,2026-09-26T18:52:22,403,4.902,4.904,1
mongo-w1,10.0,2026-09-26T18:52:22,404,5.0,5.003,1
mongo-w1,10.0,2026-09-26T18:52:22,405,5.105,5.107,1
mongo-w1,10.0,2026-09-26T18:52:22,406,5.205,5.208,1
mongo-w1,10.0,2026-09-26T18:52:22,407,5.301,5.303,1
mongo-w1,10.0,2026-09-26T18:52:22,408,5.404,5.406,1
mongo-w1,10.0,2026-09-26T18:52:22,409,5.502,5.504,1
mongo-w1,10.0,2026-09-26T18:52:22,410,5.6,5.603,1
mongo-w1,10.0,2026-09-26T18:52:22,411,5.702,5.704,1
mongo-w1,10.0,2026-09-26T18:52:22,412,5.802,5.802,1
mongo-w1,10.0,2026-09-26T18:52:22,413,5.901,5.902,1
mongo-w1,10.0,2026-09-26T18:52:22,414,6.002,6.004,1
mongo-w1,10.0,2026-09-26T18:52:22,415,6.101,6.104,1
mongo-w1,10.0,2026-09-26T18:52:22,416,6.201,6.204,1
mongo-w1,10.0,2026-09-26T18:52:22,417,6.301,6.303,1
mongo-w1,10.0,2026-09-26T18:52:22,418,6.4,6.402,1
mongo-w1,10.0,2026-09-26T18:52:22,419,6.501,6.503,1
mongo-w1,10.0,2026-09-26T18:52:22,420,6.601,6.604,1
mongo-w1,10.0,2026-09-26T18:52:22,421,6.704,6.707,1
mongo-w1,10.0,2026-09-26T18:52:22,422,6.8,6.804,1
mongo-w1,10.0,2026-09-26T18:52:22,423,6.901,6.904,1
mongo-w1,10.0,2026-09-26T18:52:22,424,7.001,7.003,1
mongo-w1,10.0,2026-09-26T18:52:22,425,7.101,7.104,1
mongo-w1,10.0,2026-09-26T18:52:22,426,7.203,7.205,1
mongo-w1,10.0,2026-09-26T18:52:22,427,7.303,7.305,1
mongo-w1,10.0,2026-09-26T18:52:22,428,7.401,7.403,1
mongo-w1,10.0,2026-09-26T18:52:22,429,7.5,7.502,1
mongo-w1,10.0,2026-09-26T18:52:22,430,7.601,7.604,1
mongo-w1,10.0,2026-09-26T18:52:22,431,7.703,7.705,1
mongo-w1,10.0,2026-09-26T18:52:22,432,7.802,7.804,1
mongo-w1,10.0,2026-09-26T18:52:22,433,7.9,7.901,1
mongo-w1,10.0,2026-09-26T18:52:46,354,0.0,0.001,1
mongo-w1,10.0,2026-09-26T18:52:46,355,0.102,0.103,1
mongo-w1,10.0,2026-09-26T18:52:46,356,0.202,0.205,1
mongo-w1,10.0,2026-09-26T18:52:46,357,0.3,0.302,1
mongo-w1,10.0,2026-09-26T18:52:46,358,0.403,0.408,1
mongo-w1,10.0,2026-09-26T18:52:46,359,0.506,0.509,1
mongo-w1,10.0,2026-09-26T18:52:46,360,0.602,0.603,1
mongo-w1,10.0,2026-09-26T18:52:46,361,0.7,0.702,1
mongo-w1,10.0,2026-09-26T18:52:46,362,0.8,0.802,1
mongo-w1,10.0,2026-09-26T18:52:46,363,0.901,0.903,1
mongo-w1,10.0,2026-09-26T18:52:46,364,1.001,1.006,1
mongo-w1,10.0,2026-09-26T18:52:46,365,1.101,1.102,1
mongo-w1,10.0,2026-09-26T18:52:46,366,1.2,1.202,1
mongo-w1,10.0,2026-09-26T18:52:46,367,1.3,1.302,1
mongo-w1,10.0,2026-09-26T18:52:46,368,1.4,1.402,1
mongo-w1,10.0,2026-09-26T18:52:46,369,1.5,1.502,1
mongo-w1,10.0,2026-09-26T18:52:46,370,1.601,1.603,1
mongo-w1,10.0,2026-09-26T18:52:46,371,1.7,1.702,1
mongo-w1,10.0,2026-09-26T18:52:46,372,1.8,1.802,1
mongo-w1,10.0,2026-09-26T18:52:46,373,1.9,1.902,1
mongo-w1,10.0,2026-09-26T18:52:46,374,2.0,2.002,1
mongo-w1,10.0,2026-09-26T18:52:46,375,2.102,2.102,1
mongo-w1,10.0,2026-09-26T18:52:46,376,2.205,2.207,1
mongo-w1,10.0,2026-09-26T18:52:46,377,2.301,2.303,1
mongo-w1,10.0,2026-09-26T18:52:46,378,2.403,2.408,1
mongo-w1,10.0,2026-09-26T18:52:46,379,2.5,2.502,1
mongo-w1,10.0,2026-09-26T18:52:46,380,2.601,2.605,1
mongo-w1,10.0,2026-09-26T18:52:46,381,2.701,2.704,1
mongo-w1,10.0,2026-09-26T18:52:46,382,2.801,2.803,1
mongo-w1,10.0,2026-09-26T18:52:46,383,2.904,2.907,1
mongo-w1,10.0,2026-09-26T18:52:46,384,3.001,3.003,1
mongo-w1,10.0,2026-09-26T18:52:46,385,3.101,3.104,1
mongo-w1,10.0,2026-09-26T18:52:46,386,3.203,3.207,1
mongo-w1,10.0,2026-09-26T18:52:46,387,3.3,3.303,1
mongo-w1,10.0,2026-09-26T18:52:46,388,3.404,3.407,1
mongo-w1,10.0,2026-09-26T18:52:46,389,3.502,3.505,1
mongo-w1,10.0,2026-09-26T18:52:46,390,3.602,3.605,1
mongo-w1,10.0,2026-09-26T18:52:46,391,3.701,3.703,1
mongo-w1,10.0,2026-09-26T18:52:46,392,3.8,3.803,1
mongo-w1,10.0,2026-09-26T18:52:46,393,3.902,3.905,1
mongo-w1,10.0,2026-09-26T18:52:46,394,4.0,4.003,1
mongo-w1,10.0,2026-09-26T18:52:46,395,4.101,4.102,1
mongo-w1,10.0,2026-09-26T18:52:46,396,4.201,4.202,1
mongo-w1,10.0,2026-09-26T18:52:46,397,4.301,4.308,1
mongo-w1,10.0,2026-09-26T18:52:46,398,4.405,4.408,1
mongo-w1,10.0,2026-09-26T18:52:46,399,4.503,4.507,1
mongo-w1,10.0,2026-09-26T18:52:46,400,4.604,4.607,1
mongo-w1,10.0,2026-09-26T18:52:46,401,4.702,4.705,1
mongo-w1,10.0,2026-09-26T18:52:46,402,4.801,4.803,1
mongo-w1,10.0,2026-09-26T18:52:46,403,4.902,4.906,1
mongo-w1,10.0,2026-09-26T18:52:46,404,5.001,5.004,1
mongo-w1,10.0,2026-09-26T18:52:46,405,5.1,5.103,1
mongo-w1,10.0,2026-09-26T18:52:46,406,5.204,5.207,1
mongo-w1,10.0,2026-09-26T18:52:46,407,5.301,5.303,1
mongo-w1,10.0,2026-09-26T18:52:46,408,5.402,5.405,1
mongo-w1,10.0,2026-09-26T18:52:46,409,5.502,5.506,1
mongo-w1,10.0,2026-09-26T18:52:46,410,5.604,5.608,1
mongo-w1,10.0,2026-09-26T18:52:46,411,5.703,5.705,1
mongo-w1,10.0,2026-09-26T18:52:46,412,5.8,5.802,1
mongo-w1,10.0,2026-09-26T18:52:46,413,5.901,5.904,1
mongo-w1,10.0,2026-09-26T18:52:46,414,6.005,6.007,1
mongo-w1,10.0,2026-09-26T18:52:46,415,6.102,6.105,1
mongo-w1,10.0,2026-09-26T18:52:46,416,6.2,6.202,1
mongo-w1,10.0,2026-09-26T18:52:46,417,6.301,6.302,1
mongo-w1,10.0,2026-09-26T18:52:46,418,6.402,6.405,1
mongo-w1,10.0,2026-09-26T18:52:46,419,6.5,6.502,1
mongo-w1,10.0,2026-09-26T18:52:46,420,6.604,6.606,1
mongo-w1,10.0,2026-09-26T18:52:46,421,6.702,6.704,1
mongo-w1,10.0,2026-09-26T18:52:46,422,6.801,6.802,1
mongo-w1,10.0,2026-09-26T18:52:46,423,6.901,6.903,1
mongo-w1,10.0,2026-09-26T18:52:46,424,7.004,7.007,1
mongo-w1,10.0,2026-09-26T18:52:46,425,7.1,7.102,1
mongo-w1,10.0,2026-09-26T18:52:46,426,7.2,7.202,1
mongo-w1,10.0,2026-09-26T18:52:46,427,7.3,7.302,1
mongo-w1,10.0,2026-09-26T18:52:46,428,7.4,7.402,1
mongo-w1,10.0,2026-09-26T18:52:46,429,7.503,7.506,1
mongo-w1,10.0,2026-09-26T18:52:46,430,7.602,7.603,1
mongo-w1,10.0,2026-09-26T18:52:46,431,7.703,7.706,1
mongo-w1,10.0,2026-09-26T18:52:46,432,7.801,7.803,1
mongo-w1,10.0,2026-09-26T18:52:46,433,7.9,7.906,1
mongo-w1,10.0,2026-09-26T18:53:00,354,0.0,0.001,1
mongo-w1,10.0,2026-09-26T18:53:00,355,0.1,0.101,1
mongo-w1,10.0,2026-09-26T18:53:00,356,0.2,0.203,1
mongo-w1,10.0,2026-09-26T18:53:00,357,0.301,0.303,1
mongo-w1,10.0,2026-09-26T18:53:00,358,0.402,0.405,1
mongo-w1,10.0,2026-09-26T18:53:00,359,0.5,0.502,1
mongo-w1,10.0,2026-09-26T18:53:00,360,0.605,0.607,1
mongo-w1,10.0,2026-09-26T18:53:00,361,0.7,0.702,1
mongo-w1,10.0,2026-09-26T18:53:00,362,0.804,0.805,1
mongo-w1,10.0,2026-09-26T18:53:00,363,0.903,0.907,1
mongo-w1,10.0,2026-09-26T18:53:00,364,1.005,1.008,1
mongo-w1,10.0,2026-09-26T18:53:00,365,1.1,1.102,1
mongo-w1,10.0,2026-09-26T18:53:00,366,1.201,1.204,1
mongo-w1,10.0,2026-09-26T18:53:00,367,1.302,1.305,1
mongo-w1,10.0,2026-09-26T18:53:00,368,1.403,1.406,1
mongo-w1,10.0,2026-09-26T18:53:00,369,1.501,1.504,1
mongo-w1,10.0,2026-09-26T18:53:00,370,1.602,1.606,1
mongo-w1,10.0,2026-09-26T18:53:00,371,1.7,1.702,1
mongo-w1,10.0,2026-09-26T18:53:00,372,1.8,1.803,1
mongo-w1,10.0,2026-09-26T18:53:00,373,1.901,1.905,1
mongo-w1,10.0,2026-09-26T18:53:00,374,2.002,2.006,1
mongo-w1,10.0,2026-09-26T18:53:00,375,2.101,2.103,1
mongo-w1,10.0,2026-09-26T18:53:00,376,2.201,2.206,1
mongo-w1,10.0,2026-09-26T18:53:00,377,2.3,2.303,1
mongo-w1,10.0,2026-09-26T18:53:00,378,2.404,2.407,1
mongo-w1,10.0,2026-09-26T18:53:00,379,2.503,2.506,1
mongo-w1,10.0,2026-09-26T18:53:00,380,2.603,2.606,1
mongo-w1,10.0,2026-09-26T18:53:00,381,2.7,2.702,1
mongo-w1,10.0,2026-09-26T18:53:00,382,2.802,2.806,1
mongo-w1,10.0,2026-09-26T18:53:00,383,2.9,2.902,1
mongo-w1,10.0,2026-09-26T18:53:00,384,3.001,3.002,1
mongo-w1,10.0,2026-09-26T18:53:00,385,3.1,3.102,1
mongo-w1,10.0,2026-09-26T18:53:00,386,3.201,3.206,1
mongo-w1,10.0,2026-09-26T18:53:00,387,3.301,3.303,1
mongo-w1,10.0,2026-09-26T18:53:00,388,3.401,3.402,1
mongo-w1,10.0,2026-09-26T18:53:00,389,3.501,3.504,1
mongo-w1,10.0,2026-09-26T18:53:00,390,3.602,3.604,1
mongo-w1,10.0,2026-09-26T18:53:00,391,3.701,3.705,1
mongo-w1,10.0,2026-09-26T18:53:00,392,3.801,3.803,1
mongo-w1,10.0,2026-09-26T18:53:00,393,3.901,3.902,1
mongo-w1,10.0,2026-09-26T18:53:00,394,4.002,4.006,1
mongo-w1,10.0,2026-09-26T18:53:00,395,4.1,4.103,1
mongo-w1,10.0,2026-09-26T18:53:00,396,4.205,4.207,1
mongo-w1,10.0,2026-09-26T18:53:00,397,4.302,4.305,1
mongo-w1,10.0,2026-09-26T18:53:00,398,4.404,4.407,1
mongo-w1,10.0,2026-09-26T18:53:00,399,4.501,4.503,1
mongo-w1,10.0,2026-09-26T18:53:00,400,4.603,4.606,1
mongo-w1,10.0,2026-09-26T18:53:00,401,4.7,4.702,1
mongo-w1,10.0,2026-09-26T18:53:00,402,4.802,4.804,1
mongo-w1,10.0,2026-09-26T18:53:00,403,4.901,4.903,1
mongo-w1,10.0,2026-09-26T18:53:00,404,5.002,5.006,1
mongo-w1,10.0,2026-09-26T18:53:00,405,5.1,5.102,1
mongo-w1,10.0,2026-09-26T18:53:00,406,5.202,5.205,1
mongo-w1,10.0,2026-09-26T18:53:00,407,5.302,5.306,1
mongo-w1,10.0,2026-09-26T18:53:00,408,5.402,5.406,1
mongo-w1,10.0,2026-09-26T18:53:00,409,5.502,5.505,1
mongo-w1,10.0,2026-09-26T18:53:00,410,5.6,5.606,1
mongo-w1,10.0,2026-09-26T18:53:00,411,5.7,5.702,1
mongo-w1,10.0,2026-09-26T18:53:00,412,5.801,5.803,1
mongo-w1,10.0,2026-09-26T18:53:00,413,5.902,5.903,1
mongo-w1,10.0,2026-09-26T18:53:00,414,6.007,6.012,1
mongo-w1,10.0,2026-09-26T18:53:00,415,6.101,6.104,1
mongo-w1,10.0,2026-09-26T18:53:00,416,6.202,6.205,1
mongo-w1,10.0,2026-09-26T18:53:00,417,6.301,6.302,1
mongo-w1,10.0,2026-09-26T18:53:00,418,6.4,6.403,1
mongo-w1,10.0,2026-09-26T18:53:00,419,6.5,6.503,1
mongo-w1,10.0,2026-09-26T18:53:00,420,6.602,6.604,1
mongo-w1,10.0,2026-09-26T18:53:00,421,6.701,6.703,1
mongo-w1,10.0,2026-09-26T18:53:00,422,6.805,6.806,1
mongo-w1,10.0,2026-09-26T18:53:00,423,6.902,6.905,1
mongo-w1,10.0,2026-09-26T18:53:00,424,7.003,7.006,1
mongo-w1,10.0,2026-09-26T18:53:00,425,7.102,7.107,1
mongo-w1,10.0,2026-09-26T18:53:00,426,7.202,7.206,1
mongo-w1,10.0,2026-09-26T18:53:00,427,7.302,7.305,1
mongo-w1,10.0,2026-09-26T18:53:00,428,7.402,7.405,1
mongo-w1,10.0,2026-09-26T18:53:00,429,7.502,7.504,1
mongo-w1,10.0,2026-09-26T18:53:00,430,7.6,7.603,1
mongo-w1,10.0,2026-09-26T18:53:00,431,7.7,7.702,1
mongo-w1,10.0,2026-09-26T18:53:00,432,7.801,7.803,1
mongo-w1,10.0,2026-09-26T18:53:00,433,7.9,7.903,1
mongo-majority,0.16,2026-09-26T18:53:24,354,0.0,1.018,0
mongo-majority,0.16,2026-09-26T18:53:24,355,6.252,7.273,0
mongo-majority,0.16,2026-09-26T18:53:54,354,0.0,1.013,0
mongo-majority,0.16,2026-09-26T18:53:54,355,6.254,7.271,0
mongo-majority,0.16,2026-09-26T18:54:47,354,0.0,1.014,0
mongo-majority,0.16,2026-09-26T18:54:47,355,6.252,7.271,0
mongo-majority,1.0,2026-09-26T18:55:25,354,0.0,1.016,0
mongo-majority,1.0,2026-09-26T18:55:25,355,1.016,2.031,0
mongo-majority,1.0,2026-09-26T18:55:25,356,2.031,3.05,0
mongo-majority,1.0,2026-09-26T18:55:25,357,3.05,4.065,0
mongo-majority,1.0,2026-09-26T18:55:25,358,4.065,5.08,0
mongo-majority,1.0,2026-09-26T18:55:25,359,5.08,6.098,0
mongo-majority,1.0,2026-09-26T18:55:25,360,6.098,7.116,0
mongo-majority,1.0,2026-09-26T18:55:25,361,7.116,8.138,0
mongo-majority,1.0,2026-09-26T18:56:02,354,0.0,1.014,0
mongo-majority,1.0,2026-09-26T18:56:02,355,1.014,2.035,0
mongo-majority,1.0,2026-09-26T18:56:02,356,2.035,3.05,0
mongo-majority,1.0,2026-09-26T18:56:02,357,3.05,4.066,0
mongo-majority,1.0,2026-09-26T18:56:02,358,4.066,5.084,0
mongo-majority,1.0,2026-09-26T18:56:02,359,5.084,6.1,0
mongo-majority,1.0,2026-09-26T18:56:02,360,6.1,7.118,0
mongo-majority,1.0,2026-09-26T18:56:02,361,7.118,8.134,0
mongo-majority,1.0,2026-09-26T18:56:56,354,0.0,1.014,0
mongo-majority,1.0,2026-09-26T18:56:56,355,1.014,2.029,0
mongo-majority,1.0,2026-09-26T18:56:56,356,2.029,3.045,0
mongo-majority,1.0,2026-09-26T18:56:56,357,3.045,4.06,0
mongo-majority,1.0,2026-09-26T18:56:56,358,4.06,5.075,0
mongo-majority,1.0,2026-09-26T18:56:56,359,5.075,6.088,0
mongo-majority,1.0,2026-09-26T18:56:56,360,6.088,7.102,0
mongo-majority,1.0,2026-09-26T18:56:56,361,7.102,8.118,0
mongo-majority,10.0,2026-09-26T18:57:33,354,0.0,1.018,0
mongo-majority,10.0,2026-09-26T18:57:33,355,1.018,2.033,0
mongo-majority,10.0,2026-09-26T18:57:33,356,2.033,3.049,0
mongo-majority,10.0,2026-09-26T18:57:33,357,3.049,4.067,0
mongo-majority,10.0,2026-09-26T18:57:33,358,4.067,5.083,0
mongo-majority,10.0,2026-09-26T18:57:33,359,5.083,6.096,0
mongo-majority,10.0,2026-09-26T18:57:33,360,6.096,7.111,0
mongo-majority,10.0,2026-09-26T18:57:33,361,7.111,8.124,0
mongo-majority,10.0,2026-09-26T18:57:33,362,8.124,9.145,0
mongo-majority,10.0,2026-09-26T18:58:11,354,0.0,1.018,0
mongo-majority,10.0,2026-09-26T18:58:11,355,1.018,2.034,0
mongo-majority,10.0,2026-09-26T18:58:11,356,2.034,3.05,0
mongo-majority,10.0,2026-09-26T18:58:11,357,3.05,4.068,0
mongo-majority,10.0,2026-09-26T18:58:11,358,4.068,5.083,0
mongo-majority,10.0,2026-09-26T18:58:11,359,5.083,6.102,0
mongo-majority,10.0,2026-09-26T18:58:11,360,6.102,7.12,0
mongo-majority,10.0,2026-09-26T18:58:11,361,7.12,8.137,0
mongo-majority,10.0,2026-09-26T18:58:11,362,8.137,9.151,0
mongo-majority,10.0,2026-09-26T18:58:49,354,0.0,1.015,0
mongo-majority,10.0,2026-09-26T18:58:49,355,1.015,2.032,0
mongo-majority,10.0,2026-09-26T18:58:49,356,2.032,3.056,0
mongo-majority,10.0,2026-09-26T18:58:49,357,3.056,4.077,0
mongo-majority,10.0,2026-09-26T18:58:49,358,4.077,5.092,0
mongo-majority,10.0,2026-09-26T18:58:49,359,5.092,6.113,0
mongo-majority,10.0,2026-09-26T18:58:49,360,6.113,7.129,0
mongo-majority,10.0,2026-09-26T18:58:49,361,7.129,8.148,0
mongo-majority,10.0,2026-09-26T18:58:49,362,8.148,8.84,0
redis-async,0.16,2026-09-26T18:59:26,354,0.0,0.0,1
redis-async,0.16,2026-09-26T18:59:26,355,6.251,6.254,1
redis-async,0.16,2026-09-26T18:59:46,354,0.0,0.001,1
redis-async,0.16,2026-09-26T18:59:46,355,6.251,6.252,1
redis-async,0.16,2026-09-26T19:00:01,354,0.0,0.0,1
redis-async,0.16,2026-09-26T19:00:01,355,6.252,6.253,1
redis-async,1.0,2026-09-26T19:00:16,354,0.0,0.001,1
redis-async,1.0,2026-09-26T19:00:16,355,1.0,1.003,1
redis-async,1.0,2026-09-26T19:00:16,356,2.001,2.002,1
redis-async,1.0,2026-09-26T19:00:16,357,3.003,3.004,1
redis-async,1.0,2026-09-26T19:00:16,358,4.003,4.005,1
redis-async,1.0,2026-09-26T19:00:16,359,5.002,5.004,1
redis-async,1.0,2026-09-26T19:00:16,360,6.002,6.003,1
redis-async,1.0,2026-09-26T19:00:16,361,7.001,7.002,1
redis-async,1.0,2026-09-26T19:00:31,354,0.0,0.0,1
redis-async,1.0,2026-09-26T19:00:31,355,1.005,1.007,1
redis-async,1.0,2026-09-26T19:00:31,356,2.001,2.002,1
redis-async,1.0,2026-09-26T19:00:31,357,3.001,3.002,1
redis-async,1.0,2026-09-26T19:00:31,358,4.0,4.001,1
redis-async,1.0,2026-09-26T19:00:31,359,5.006,5.007,1
redis-async,1.0,2026-09-26T19:00:31,360,6.006,6.007,1
redis-async,1.0,2026-09-26T19:00:31,361,7.002,7.002,1
redis-async,1.0,2026-09-26T19:00:48,354,0.0,0.0,1
redis-async,1.0,2026-09-26T19:00:48,355,1.002,1.005,1
redis-async,1.0,2026-09-26T19:00:48,356,2.001,2.002,1
redis-async,1.0,2026-09-26T19:00:48,357,3.001,3.002,1
redis-async,1.0,2026-09-26T19:00:48,358,4.005,4.006,1
redis-async,1.0,2026-09-26T19:00:48,359,5.002,5.003,1
redis-async,1.0,2026-09-26T19:00:48,360,6.001,6.001,1
redis-async,1.0,2026-09-26T19:00:48,361,7.003,7.006,1
redis-async,10.0,2026-09-26T19:01:03,354,0.0,0.001,1
redis-async,10.0,2026-09-26T19:01:03,355,0.102,0.103,1
redis-async,10.0,2026-09-26T19:01:03,356,0.2,0.201,1
redis-async,10.0,2026-09-26T19:01:03,357,0.302,0.303,1
redis-async,10.0,2026-09-26T19:01:03,358,0.401,0.402,1
redis-async,10.0,2026-09-26T19:01:03,359,0.501,0.502,1
redis-async,10.0,2026-09-26T19:01:03,360,0.6,0.601,1
redis-async,10.0,2026-09-26T19:01:03,361,0.703,0.704,1
redis-async,10.0,2026-09-26T19:01:03,362,0.803,0.804,1
redis-async,10.0,2026-09-26T19:01:03,363,0.901,0.902,1
redis-async,10.0,2026-09-26T19:01:03,364,1.002,1.003,1
redis-async,10.0,2026-09-26T19:01:03,365,1.104,1.105,1
redis-async,10.0,2026-09-26T19:01:03,366,1.205,1.206,1
redis-async,10.0,2026-09-26T19:01:03,367,1.3,1.301,1
redis-async,10.0,2026-09-26T19:01:03,368,1.402,1.402,1
redis-async,10.0,2026-09-26T19:01:03,369,1.501,1.502,1
redis-async,10.0,2026-09-26T19:01:03,370,1.601,1.602,1
redis-async,10.0,2026-09-26T19:01:03,371,1.705,1.706,1
redis-async,10.0,2026-09-26T19:01:03,372,1.801,1.802,1
redis-async,10.0,2026-09-26T19:01:03,373,1.9,1.901,1
redis-async,10.0,2026-09-26T19:01:03,374,2.001,2.002,1
redis-async,10.0,2026-09-26T19:01:03,375,2.103,2.104,1
redis-async,10.0,2026-09-26T19:01:03,376,2.201,2.202,1
redis-async,10.0,2026-09-26T19:01:03,377,2.302,2.303,1
redis-async,10.0,2026-09-26T19:01:03,378,2.401,2.402,1
redis-async,10.0,2026-09-26T19:01:03,379,2.5,2.501,1
redis-async,10.0,2026-09-26T19:01:03,380,2.601,2.602,1
redis-async,10.0,2026-09-26T19:01:03,381,2.705,2.706,1
redis-async,10.0,2026-09-26T19:01:03,382,2.801,2.802,1
redis-async,10.0,2026-09-26T19:01:03,383,2.902,2.903,1
redis-async,10.0,2026-09-26T19:01:03,384,3.005,3.006,1
redis-async,10.0,2026-09-26T19:01:03,385,3.101,3.102,1
redis-async,10.0,2026-09-26T19:01:03,386,3.205,3.206,1
redis-async,10.0,2026-09-26T19:01:03,387,3.301,3.302,1
redis-async,10.0,2026-09-26T19:01:03,388,3.402,3.402,1
redis-async,10.0,2026-09-26T19:01:03,389,3.501,3.501,1
redis-async,10.0,2026-09-26T19:01:03,390,3.602,3.603,1
redis-async,10.0,2026-09-26T19:01:03,391,3.702,3.703,1
redis-async,10.0,2026-09-26T19:01:03,392,3.801,3.802,1
redis-async,10.0,2026-09-26T19:01:03,393,3.9,3.901,1
redis-async,10.0,2026-09-26T19:01:03,394,4.0,4.002,1
redis-async,10.0,2026-09-26T19:01:03,395,4.101,4.101,1
redis-async,10.0,2026-09-26T19:01:03,396,4.201,4.201,1
redis-async,10.0,2026-09-26T19:01:03,397,4.305,4.305,1
redis-async,10.0,2026-09-26T19:01:03,398,4.403,4.403,1
redis-async,10.0,2026-09-26T19:01:03,399,4.501,4.501,1
redis-async,10.0,2026-09-26T19:01:03,400,4.604,4.605,1
redis-async,10.0,2026-09-26T19:01:03,401,4.703,4.704,1
redis-async,10.0,2026-09-26T19:01:03,402,4.803,4.804,1
redis-async,10.0,2026-09-26T19:01:03,403,4.901,4.902,1
redis-async,10.0,2026-09-26T19:01:03,404,5.004,5.005,1
redis-async,10.0,2026-09-26T19:01:03,405,5.1,5.1,1
redis-async,10.0,2026-09-26T19:01:03,406,5.205,5.205,1
redis-async,10.0,2026-09-26T19:01:03,407,5.301,5.302,1
redis-async,10.0,2026-09-26T19:01:03,408,5.4,5.401,1
redis-async,10.0,2026-09-26T19:01:03,409,5.502,5.503,1
redis-async,10.0,2026-09-26T19:01:03,410,5.603,5.605,1
redis-async,10.0,2026-09-26T19:01:03,411,5.701,5.702,1
redis-async,10.0,2026-09-26T19:01:03,412,5.801,5.802,1
redis-async,10.0,2026-09-26T19:01:03,413,5.905,5.906,1
redis-async,10.0,2026-09-26T19:01:03,414,6.001,6.002,1
redis-async,10.0,2026-09-26T19:01:03,415,6.1,6.101,1
redis-async,10.0,2026-09-26T19:01:03,416,6.203,6.204,1
redis-async,10.0,2026-09-26T19:01:03,417,6.304,6.305,1
redis-async,10.0,2026-09-26T19:01:03,418,6.402,6.403,1
redis-async,10.0,2026-09-26T19:01:03,419,6.501,6.502,1
redis-async,10.0,2026-09-26T19:01:03,420,6.605,6.606,1
redis-async,10.0,2026-09-26T19:01:03,421,6.702,6.703,1
redis-async,10.0,2026-09-26T19:01:03,422,6.801,6.802,1
redis-async,10.0,2026-09-26T19:01:03,423,6.905,6.906,1
redis-async,10.0,2026-09-26T19:01:03,424,7.002,7.002,1
redis-async,10.0,2026-09-26T19:01:03,425,7.101,7.101,1
redis-async,10.0,2026-09-26T19:01:03,426,7.201,7.202,1
redis-async,10.0,2026-09-26T19:01:03,427,7.305,7.306,1
redis-async,10.0,2026-09-26T19:01:03,428,7.4,7.401,1
redis-async,10.0,2026-09-26T19:01:03,429,7.505,7.506,1
redis-async,10.0,2026-09-26T19:01:03,430,7.602,7.603,1
redis-async,10.0,2026-09-26T19:01:03,431,7.701,7.702,1
redis-async,10.0,2026-09-26T19:01:03,432,7.804,7.805,1
redis-async,10.0,2026-09-26T19:01:03,433,7.905,7.906,1
redis-async,10.0,2026-09-26T19:01:19,354,0.0,0.0,1
redis-async,10.0,2026-09-26T19:01:19,355,0.102,0.103,1
redis-async,10.0,2026-09-26T19:01:19,356,0.202,0.203,1
redis-async,10.0,2026-09-26T19:01:19,357,0.301,0.302,1
redis-async,10.0,2026-09-26T19:01:19,358,0.401,0.402,1
redis-async,10.0,2026-09-26T19:01:19,359,0.502,0.503,1
redis-async,10.0,2026-09-26T19:01:19,360,0.602,0.603,1
redis-async,10.0,2026-09-26T19:01:19,361,0.701,0.702,1
redis-async,10.0,2026-09-26T19:01:19,362,0.802,0.803,1
redis-async,10.0,2026-09-26T19:01:19,363,0.9,0.901,1
redis-async,10.0,2026-09-26T19:01:19,364,1.004,1.011,1
redis-async,10.0,2026-09-26T19:01:19,365,1.1,1.102,1
redis-async,10.0,2026-09-26T19:01:19,366,1.201,1.202,1
redis-async,10.0,2026-09-26T19:01:19,367,1.3,1.302,1
redis-async,10.0,2026-09-26T19:01:19,368,1.401,1.402,1
redis-async,10.0,2026-09-26T19:01:19,369,1.501,1.503,1
redis-async,10.0,2026-09-26T19:01:19,370,1.601,1.602,1
redis-async,10.0,2026-09-26T19:01:19,371,1.7,1.702,1
redis-async,10.0,2026-09-26T19:01:19,372,1.805,1.805,1
redis-async,10.0,2026-09-26T19:01:19,373,1.902,1.903,1
redis-async,10.0,2026-09-26T19:01:19,374,2.001,2.002,1
redis-async,10.0,2026-09-26T19:01:19,375,2.101,2.103,1
redis-async,10.0,2026-09-26T19:01:19,376,2.201,2.202,1
redis-async,10.0,2026-09-26T19:01:19,377,2.304,2.305,1
redis-async,10.0,2026-09-26T19:01:19,378,2.401,2.402,1
redis-async,10.0,2026-09-26T19:01:19,379,2.505,2.505,1
redis-async,10.0,2026-09-26T19:01:19,380,2.603,2.603,1
redis-async,10.0,2026-09-26T19:01:19,381,2.702,2.703,1
redis-async,10.0,2026-09-26T19:01:19,382,2.802,2.804,1
redis-async,10.0,2026-09-26T19:01:19,383,2.901,2.902,1
redis-async,10.0,2026-09-26T19:01:19,384,3.001,3.002,1
redis-async,10.0,2026-09-26T19:01:19,385,3.101,3.102,1
redis-async,10.0,2026-09-26T19:01:19,386,3.2,3.201,1
redis-async,10.0,2026-09-26T19:01:19,387,3.301,3.302,1
redis-async,10.0,2026-09-26T19:01:19,388,3.401,3.403,1
redis-async,10.0,2026-09-26T19:01:19,389,3.5,3.502,1
redis-async,10.0,2026-09-26T19:01:19,390,3.604,3.605,1
redis-async,10.0,2026-09-26T19:01:19,391,3.703,3.704,1
redis-async,10.0,2026-09-26T19:01:19,392,3.802,3.802,1
redis-async,10.0,2026-09-26T19:01:19,393,3.902,3.903,1
redis-async,10.0,2026-09-26T19:01:19,394,4.005,4.006,1
redis-async,10.0,2026-09-26T19:01:19,395,4.103,4.104,1
redis-async,10.0,2026-09-26T19:01:19,396,4.203,4.203,1
redis-async,10.0,2026-09-26T19:01:19,397,4.304,4.305,1
redis-async,10.0,2026-09-26T19:01:19,398,4.401,4.401,1
redis-async,10.0,2026-09-26T19:01:19,399,4.503,4.504,1
redis-async,10.0,2026-09-26T19:01:19,400,4.601,4.604,1
redis-async,10.0,2026-09-26T19:01:19,401,4.704,4.705,1
redis-async,10.0,2026-09-26T19:01:19,402,4.801,4.802,1
redis-async,10.0,2026-09-26T19:01:19,403,4.901,4.902,1
redis-async,10.0,2026-09-26T19:01:19,404,5.001,5.002,1
redis-async,10.0,2026-09-26T19:01:19,405,5.1,5.101,1
redis-async,10.0,2026-09-26T19:01:19,406,5.2,5.201,1
redis-async,10.0,2026-09-26T19:01:19,407,5.302,5.303,1
redis-async,10.0,2026-09-26T19:01:19,408,5.4,5.401,1
redis-async,10.0,2026-09-26T19:01:19,409,5.501,5.502,1
redis-async,10.0,2026-09-26T19:01:19,410,5.6,5.601,1
redis-async,10.0,2026-09-26T19:01:19,411,5.7,5.702,1
redis-async,10.0,2026-09-26T19:01:19,412,5.805,5.806,1
redis-async,10.0,2026-09-26T19:01:19,413,5.902,5.903,1
redis-async,10.0,2026-09-26T19:01:19,414,6.004,6.005,1
redis-async,10.0,2026-09-26T19:01:19,415,6.105,6.106,1
redis-async,10.0,2026-09-26T19:01:19,416,6.201,6.202,1
redis-async,10.0,2026-09-26T19:01:19,417,6.302,6.303,1
redis-async,10.0,2026-09-26T19:01:19,418,6.403,6.404,1
redis-async,10.0,2026-09-26T19:01:19,419,6.504,6.505,1
redis-async,10.0,2026-09-26T19:01:19,420,6.602,6.603,1
redis-async,10.0,2026-09-26T19:01:19,421,6.703,6.704,1
redis-async,10.0,2026-09-26T19:01:19,422,6.803,6.805,1
redis-async,10.0,2026-09-26T19:01:19,423,6.902,6.903,1
redis-async,10.0,2026-09-26T19:01:19,424,7.0,7.001,1
redis-async,10.0,2026-09-26T19:01:19,425,7.1,7.101,1
redis-async,10.0,2026-09-26T19:01:19,426,7.202,7.203,1
redis-async,10.0,2026-09-26T19:01:19,427,7.305,7.306,1
redis-async,10.0,2026-09-26T19:01:19,428,7.4,7.401,1
redis-async,10.0,2026-09-26T19:01:19,429,7.5,7.502,1
redis-async,10.0,2026-09-26T19:01:19,430,7.6,7.602,1
redis-async,10.0,2026-09-26T19:01:19,431,7.703,7.704,1
redis-async,10.0,2026-09-26T19:01:19,432,7.8,7.801,1
redis-async,10.0,2026-09-26T19:01:19,433,7.902,7.903,1
redis-async,10.0,2026-09-26T19:01:34,354,0.0,0.0,1
redis-async,10.0,2026-09-26T19:01:34,355,0.102,0.103,1
redis-async,10.0,2026-09-26T19:01:34,356,0.201,0.203,1
redis-async,10.0,2026-09-26T19:01:34,357,0.301,0.303,1
redis-async,10.0,2026-09-26T19:01:34,358,0.4,0.401,1
redis-async,10.0,2026-09-26T19:01:34,359,0.502,0.503,1
redis-async,10.0,2026-09-26T19:01:34,360,0.603,0.604,1
redis-async,10.0,2026-09-26T19:01:34,361,0.705,0.706,1
redis-async,10.0,2026-09-26T19:01:34,362,0.804,0.805,1
redis-async,10.0,2026-09-26T19:01:34,363,0.902,0.903,1
redis-async,10.0,2026-09-26T19:01:34,364,1.003,1.004,1
redis-async,10.0,2026-09-26T19:01:34,365,1.101,1.102,1
redis-async,10.0,2026-09-26T19:01:34,366,1.205,1.206,1
redis-async,10.0,2026-09-26T19:01:34,367,1.301,1.302,1
redis-async,10.0,2026-09-26T19:01:34,368,1.401,1.402,1
redis-async,10.0,2026-09-26T19:01:34,369,1.5,1.501,1
redis-async,10.0,2026-09-26T19:01:34,370,1.601,1.602,1
redis-async,10.0,2026-09-26T19:01:34,371,1.701,1.703,1
redis-async,10.0,2026-09-26T19:01:34,372,1.804,1.805,1
redis-async,10.0,2026-09-26T19:01:34,373,1.901,1.902,1
redis-async,10.0,2026-09-26T19:01:34,374,2.001,2.003,1
redis-async,10.0,2026-09-26T19:01:34,375,2.101,2.102,1
redis-async,10.0,2026-09-26T19:01:34,376,2.201,2.202,1
redis-async,10.0,2026-09-26T19:01:34,377,2.301,2.303,1
redis-async,10.0,2026-09-26T19:01:34,378,2.401,2.403,1
redis-async,10.0,2026-09-26T19:01:34,379,2.501,2.502,1
redis-async,10.0,2026-09-26T19:01:34,380,2.602,2.603,1
redis-async,10.0,2026-09-26T19:01:34,381,2.702,2.702,1
redis-async,10.0,2026-09-26T19:01:34,382,2.8,2.802,1
redis-async,10.0,2026-09-26T19:01:34,383,2.903,2.903,1
redis-async,10.0,2026-09-26T19:01:34,384,3.003,3.004,1
redis-async,10.0,2026-09-26T19:01:34,385,3.1,3.101,1
redis-async,10.0,2026-09-26T19:01:34,386,3.202,3.203,1
redis-async,10.0,2026-09-26T19:01:34,387,3.301,3.302,1
redis-async,10.0,2026-09-26T19:01:34,388,3.404,3.405,1
redis-async,10.0,2026-09-26T19:01:34,389,3.5,3.501,1
redis-async,10.0,2026-09-26T19:01:34,390,3.6,3.602,1
redis-async,10.0,2026-09-26T19:01:34,391,3.701,3.703,1
redis-async,10.0,2026-09-26T19:01:34,392,3.801,3.802,1
redis-async,10.0,2026-09-26T19:01:34,393,3.9,3.901,1
redis-async,10.0,2026-09-26T19:01:34,394,4.003,4.004,1
redis-async,10.0,2026-09-26T19:01:34,395,4.1,4.101,1
redis-async,10.0,2026-09-26T19:01:34,396,4.202,4.203,1
redis-async,10.0,2026-09-26T19:01:34,397,4.303,4.303,1
redis-async,10.0,2026-09-26T19:01:34,398,4.401,4.403,1
redis-async,10.0,2026-09-26T19:01:34,399,4.502,4.503,1
redis-async,10.0,2026-09-26T19:01:34,400,4.601,4.602,1
redis-async,10.0,2026-09-26T19:01:34,401,4.704,4.705,1
redis-async,10.0,2026-09-26T19:01:34,402,4.804,4.806,1
redis-async,10.0,2026-09-26T19:01:34,403,4.901,4.903,1
redis-async,10.0,2026-09-26T19:01:34,404,5.003,5.004,1
redis-async,10.0,2026-09-26T19:01:34,405,5.102,5.103,1
redis-async,10.0,2026-09-26T19:01:34,406,5.2,5.201,1
redis-async,10.0,2026-09-26T19:01:34,407,5.3,5.301,1
redis-async,10.0,2026-09-26T19:01:34,408,5.405,5.406,1
redis-async,10.0,2026-09-26T19:01:34,409,5.5,5.501,1
redis-async,10.0,2026-09-26T19:01:34,410,5.6,5.601,1
redis-async,10.0,2026-09-26T19:01:34,411,5.701,5.702,1
redis-async,10.0,2026-09-26T19:01:34,412,5.801,5.802,1
redis-async,10.0,2026-09-26T19:01:34,413,5.9,5.901,1
redis-async,10.0,2026-09-26T19:01:34,414,6.005,6.006,1
redis-async,10.0,2026-09-26T19:01:34,415,6.1,6.101,1
redis-async,10.0,2026-09-26T19:01:34,416,6.203,6.204,1
redis-async,10.0,2026-09-26T19:01:34,417,6.301,6.302,1
redis-async,10.0,2026-09-26T19:01:34,418,6.401,6.402,1
redis-async,10.0,2026-09-26T19:01:34,419,6.501,6.503,1
redis-async,10.0,2026-09-26T19:01:34,420,6.603,6.604,1
redis-async,10.0,2026-09-26T19:01:34,421,6.7,6.701,1
redis-async,10.0,2026-09-26T19:01:34,422,6.802,6.803,1
redis-async,10.0,2026-09-26T19:01:34,423,6.904,6.905,1
redis-async,10.0,2026-09-26T19:01:34,424,7.0,7.002,1
redis-async,10.0,2026-09-26T19:01:34,425,7.102,7.104,1
redis-async,10.0,2026-09-26T19:01:34,426,7.201,7.203,1
redis-async,10.0,2026-09-26T19:01:34,427,7.3,7.301,1
redis-async,10.0,2026-09-26T19:01:34,428,7.4,7.401,1
redis-async,10.0,2026-09-26T19:01:34,429,7.501,7.502,1
redis-async,10.0,2026-09-26T19:01:34,430,7.6,7.601,1
redis-async,10.0,2026-09-26T19:01:34,431,7.7,7.701,1
redis-async,10.0,2026-09-26T19:01:34,432,7.803,7.803,1
redis-async,10.0,2026-09-26T19:01:34,433,7.902,7.903,1
redis-wait,0.16,2026-09-26T19:01:49,354,0.0,1.044,0
redis-wait,0.16,2026-09-26T19:01:49,355,6.251,7.349,0
redis-wait,0.16,2026-09-26T19:02:05,354,0.0,1.091,0
redis-wait,0.16,2026-09-26T19:02:05,355,6.251,7.318,0
redis-wait,0.16,2026-09-26T19:02:21,354,0.0,1.065,0
redis-wait,0.16,2026-09-26T19:02:21,355,6.255,7.345,0
redis-wait,1.0,2026-09-26T19:02:36,354,0.0,1.02,0
redis-wait,1.0,2026-09-26T19:02:36,355,1.02,2.042,0
redis-wait,1.0,2026-09-26T19:02:36,356,2.042,3.051,0
redis-wait,1.0,2026-09-26T19:02:36,357,3.051,4.074,0
redis-wait,1.0,2026-09-26T19:02:36,358,4.074,5.093,0
redis-wait,1.0,2026-09-26T19:02:36,359,5.093,6.124,0
redis-wait,1.0,2026-09-26T19:02:36,360,6.124,7.158,0
redis-wait,1.0,2026-09-26T19:02:36,361,7.158,8.195,0
redis-wait,1.0,2026-09-26T19:02:51,354,0.0,1.044,0
redis-wait,1.0,2026-09-26T19:02:51,355,1.044,2.061,0
redis-wait,1.0,2026-09-26T19:02:51,356,2.061,3.085,0
redis-wait,1.0,2026-09-26T19:02:51,357,3.085,4.114,0
redis-wait,1.0,2026-09-26T19:02:51,358,4.114,5.143,0
redis-wait,1.0,2026-09-26T19:02:51,359,5.143,6.177,0
redis-wait,1.0,2026-09-26T19:02:51,360,6.177,7.218,0
redis-wait,1.0,2026-09-26T19:02:51,361,7.218,8.254,0
redis-wait,1.0,2026-09-26T19:03:08,354,0.0,1.062,0
redis-wait,1.0,2026-09-26T19:03:08,355,1.062,2.09,0
redis-wait,1.0,2026-09-26T19:03:08,356,2.09,3.124,0
redis-wait,1.0,2026-09-26T19:03:08,357,3.124,4.147,0
redis-wait,1.0,2026-09-26T19:03:08,358,4.147,5.178,0
redis-wait,1.0,2026-09-26T19:03:08,359,5.178,6.216,0
redis-wait,1.0,2026-09-26T19:03:08,360,6.216,7.25,0
redis-wait,1.0,2026-09-26T19:03:08,361,7.25,8.283,0
redis-wait,10.0,2026-09-26T19:03:23,354,0.0,1.096,0
redis-wait,10.0,2026-09-26T19:03:23,355,1.096,2.133,0
redis-wait,10.0,2026-09-26T19:03:23,356,2.133,3.164,0
redis-wait,10.0,2026-09-26T19:03:23,357,3.164,4.204,0
redis-wait,10.0,2026-09-26T19:03:23,358,4.204,5.246,0
redis-wait,10.0,2026-09-26T19:03:23,359,5.246,6.281,0
redis-wait,10.0,2026-09-26T19:03:23,360,6.281,7.305,0
redis-wait,10.0,2026-09-26T19:03:23,361,7.305,8.331,0
redis-wait,10.0,2026-09-26T19:03:23,362,8.331,9.356,0
redis-wait,10.0,2026-09-26T19:03:41,354,0.0,1.051,0
redis-wait,10.0,2026-09-26T19:03:41,355,1.051,2.081,0
redis-wait,10.0,2026-09-26T19:03:41,356,2.081,3.112,0
redis-wait,10.0,2026-09-26T19:03:41,357,3.112,4.147,0
redis-wait,10.0,2026-09-26T19:03:41,358,4.147,5.176,0
redis-wait,10.0,2026-09-26T19:03:41,359,5.176,6.209,0
redis-wait,10.0,2026-09-26T19:03:41,360,6.209,7.234,0
redis-wait,10.0,2026-09-26T19:03:41,361,7.234,8.258,0
redis-wait,10.0,2026-09-26T19:03:41,362,8.258,9.292,0
redis-wait,10.0,2026-09-26T19:03:57,354,0.0,1.056,0
redis-wait,10.0,2026-09-26T19:03:57,355,1.056,2.073,0
redis-wait,10.0,2026-09-26T19:03:57,356,2.073,3.099,0
redis-wait,10.0,2026-09-26T19:03:57,357,3.099,4.128,0
redis-wait,10.0,2026-09-26T19:03:57,358,4.128,5.164,0
redis-wait,10.0,2026-09-26T19:03:57,359,5.164,6.194,0
redis-wait,10.0,2026-09-26T19:03:57,360,6.194,7.23,0
redis-wait,10.0,2026-09-26T19:03:57,361,7.23,8.27,0
redis-wait,10.0,2026-09-26T19:03:57,362,8.27,9.298,0
