mode,delay_ms,writes,p50_ms,p95_ms,p99_ms,mean_ms,game_total_s
mongo-w1,0,1401,0.41,0.83,1.09,0.47,0.22
mongo-majority,0,1401,1.44,2.15,2.74,1.59,0.74
mongo-w1,2,1401,0.5,0.94,1.58,0.57,0.27
mongo-majority,2,1401,4.62,6.64,8.26,4.93,2.3
mongo-w1,10,1401,0.37,0.67,0.97,0.42,0.2
mongo-majority,10,1401,25.51,27.94,30.71,25.03,11.69
mongo-w1,50,1401,0.22,0.46,0.82,0.27,0.13
mongo-majority,50,1401,106.39,108.39,110.59,103.18,48.18
redis-async,0,1401,0.11,0.14,0.19,0.12,0.05
redis-wait,0,1401,0.28,0.3,0.36,0.28,0.13
redis-async,2,1401,0.11,0.13,0.18,0.12,0.05
redis-wait,2,1401,3.08,3.86,4.62,3.15,1.47
redis-async,10,1401,0.1,0.13,0.16,0.11,0.05
redis-wait,10,1401,13.02,14.52,15.36,13.01,6.07
redis-async,50,1401,0.1,0.13,0.18,0.1,0.05
redis-wait,50,1401,53.18,56.28,57.14,53.46,24.96
