mode,rate,trial,window_attempts,window_acked,window_failed,lost,lost_seqs,rolled_back,election_s,unavailable_s,final_count,finished_at
mongo-w1,0.16,1,2,2,0,2,354 355,2,1.2,12.2,465,2026-09-13T21:14:20
mongo-w1,0.16,2,2,2,0,2,354 355,2,2.3,12.2,465,2026-09-13T21:14:45
mongo-w1,0.16,3,2,2,0,2,354 355,2,1.2,12.2,465,2026-09-13T21:15:09
mongo-w1,1.0,1,8,8,0,8,354 355 356 357 358 359 360 361,8,2.3,12.3,459,2026-09-13T21:15:33
mongo-w1,1.0,2,8,8,0,8,354 355 356 357 358 359 360 361,8,1.2,12.2,459,2026-09-13T21:15:57
mongo-w1,1.0,3,8,8,0,8,354 355 356 357 358 359 360 361,8,2.3,12.3,459,2026-09-13T21:16:22
mongo-w1,10.0,1,80,80,0,80,354 355 356 357 358 359 360 361 362 363 364 365 366 367 368 369 370 371 372 373 374 375 376 377 378 379 380 381 382 383 384 385 386 387 388 389 390 391 392 393 394 395 396 397 398 399 400 401 402 403 404 405 406 407 408 409 410 411 412 413 414 415 416 417 418 419 420 421 422 423 424 425 426 427 428 429 430 431 432 433,80,2.5,12.2,387,2026-09-13T21:16:46
mongo-w1,10.0,2,80,80,0,80,354 355 356 357 358 359 360 361 362 363 364 365 366 367 368 369 370 371 372 373 374 375 376 377 378 379 380 381 382 383 384 385 386 387 388 389 390 391 392 393 394 395 396 397 398 399 400 401 402 403 404 405 406 407 408 409 410 411 412 413 414 415 416 417 418 419 420 421 422 423 424 425 426 427 428 429 430 431 432 433,80,2.3,12.2,387,2026-09-13T21:17:10
mongo-w1,10.0,3,80,80,0,80,354 355 356 357 358 359 360 361 362 363 364 365 366 367 368 369 370 371 372 373 374 375 376 377 378 379 380 381 382 383 384 385 386 387 388 389 390 391 392 393 394 395 396 397 398 399 400 401 402 403 404 405 406 407 408 409 410 411 412 413 414 415 416 417 418 419 420 421 422 423 424 425 426 427 428 429 430 431 432 433,80,1.2,12.2,387,2026-09-13T21:17:35
mongo-majority,0.16,1,2,0,2,0,,2,3.5,58.4,467,2026-09-13T21:18:45
mongo-majority,0.16,2,2,0,2,0,,2,2.5,12.1,467,2026-09-13T21:19:24
mongo-majority,0.16,3,2,0,2,0,,2,2.3,42.3,467,2026-09-13T21:20:19
mongo-majority,1.0,1,8,0,8,0,,8,2.5,5.8,467,2026-09-13T21:20:57
mongo-majority,1.0,2,8,0,8,0,,8,2.3,41.3,467,2026-09-13T21:21:51
mongo-majority,1.0,3,8,0,8,0,,8,2.3,42.9,467,2026-09-13T21:22:47
mongo-majority,10.0,1,9,0,9,0,,9,1.2,10.7,467,2026-09-13T21:23:11
mongo-majority,10.0,2,9,0,9,0,,9,2.3,41.4,467,2026-09-13T21:24:07
mongo-majority,10.0,3,9,0,9,0,,9,1.2,2.8,467,2026-09-13T21:24:45
redis-async,0.16,1,2,2,0,2,354 355,,0.2,6.3,465,2026-09-13T21:25:00
redis-async,0.16,2,2,2,0,2,354 355,,0.2,6.3,465,2026-09-13T21:25:16
redis-async,0.16,3,2,2,0,2,354 355,,0.2,6.2,465,2026-09-13T21:25:31
redis-async,1.0,1,8,8,0,8,354 355 356 357 358 359 360 361,,0.2,6.0,459,2026-09-13T21:25:47
redis-async,1.0,2,8,8,0,8,354 355 356 357 358 359 360 361,,0.2,6.2,459,2026-09-13T21:26:02
redis-async,1.0,3,8,8,0,8,354 355 356 357 358 359 360 361,,0.1,6.2,459,2026-09-13T21:26:17
redis-async,10.0,1,80,80,0,80,354 355 356 357 358 359 360 361 362 363 364 365 366 367 368 369 370 371 372 373 374 375 376 377 378 379 380 381 382 383 384 385 386 387 388 389 390 391 392 393 394 395 396 397 398 399 400 401 402 403 404 405 406 407 408 409 410 411 412 413 414 415 416 417 418 419 420 421 422 423 424 425 426 427 428 429 430 431 432 433,,0.1,6.4,387,2026-09-13T21:26:33
redis-async,10.0,2,80,80,0,80,354 355 356 357 358 359 360 361 362 363 364 365 366 367 368 369 370 371 372 373 374 375 376 377 378 379 380 381 382 383 384 385 386 387 388 389 390 391 392 393 394 395 396 397 398 399 400 401 402 403 404 405 406 407 408 409 410 411 412 413 414 415 416 417 418 419 420 421 422 423 424 425 426 427 428 429 430 431 432 433,,0.1,6.0,387,2026-09-13T21:26:48
redis-async,10.0,3,80,80,0,80,354 355 356 357 358 359 360 361 362 363 364 365 366 367 368 369 370 371 372 373 374 375 376 377 378 379 380 381 382 383 384 385 386 387 388 389 390 391 392 393 394 395 396 397 398 399 400 401 402 403 404 405 406 407 408 409 410 411 412 413 414 415 416 417 418 419 420 421 422 423 424 425 426 427 428 429 430 431 432 433,,0.1,6.4,387,2026-09-13T21:27:04
redis-wait,0.16,1,2,0,2,0,,,0.1,6.2,467,2026-09-13T21:27:19
redis-wait,0.16,2,2,0,2,0,,,0.1,7.2,467,2026-09-13T21:27:36
redis-wait,0.16,3,2,0,2,0,,,0.1,6.2,467,2026-09-13T21:27:51
redis-wait,1.0,1,8,0,8,0,,,0.2,6.8,467,2026-09-13T21:28:07
redis-wait,1.0,2,8,0,8,0,,,0.1,5.8,467,2026-09-13T21:28:23
redis-wait,1.0,3,8,0,8,0,,,0.1,6.8,467,2026-09-13T21:28:39
redis-wait,10.0,1,9,0,9,0,,,0.1,6.0,467,2026-09-13T21:28:56
redis-wait,10.0,2,9,0,9,0,,,0.1,5.8,467,2026-09-13T21:29:12
redis-wait,10.0,3,9,0,9,0,,,0.2,7.0,467,2026-09-13T21:29:30
